Timestamp,PM2.5,PM10,NO2,Ozone,CO,SO2,Predicted_AQI,latitude,longitude
04-04-2024 15:30,26.98,117.9,30.14,12.97,1.08,20.25,111.54,19.10078,72.87462
04-04-2024 15:45,27.07,118.54,30.12,12.72,1.07,20.21,111.48,19.10078,72.87462
04-04-2024 16:00,27.18,119.24,30.14,12.45,1.07,20.15,111.54,19.10078,72.87462
04-04-2024 16:15,27.31,119.97,30.21,12.16,1.07,20.09,111.61,19.10078,72.87462
04-04-2024 16:30,27.46,120.7,30.31,11.85,1.06,20.02,111.85,19.10078,72.87462
04-04-2024 16:45,27.63,121.39,30.46,11.52,1.06,19.95,112.08,19.10078,72.87462
04-04-2024 17:00,27.81,122.01,30.64,11.18,1.06,19.87,112.45,19.10078,72.87462
04-04-2024 17:15,27.99,122.54,30.84,10.82,1.07,19.81,112.96,19.10078,72.87462
04-04-2024 17:30,28.17,122.94,31.05,10.44,1.07,19.74,113.31,19.10078,72.87462
04-04-2024 17:45,28.35,123.21,31.24,10.06,1.08,19.69,113.61,19.10078,72.87462
04-04-2024 18:00,28.52,123.33,31.4,9.67,1.09,19.64,113.96,19.10078,72.87462
04-04-2024 18:15,28.68,123.31,31.5,9.28,1.1,19.6,114.21,19.10078,72.87462
04-04-2024 18:30,28.84,123.15,31.53,8.89,1.12,19.58,114.46,19.10078,72.87462
04-04-2024 18:45,28.99,122.88,31.47,8.5,1.13,19.56,114.37,19.10078,72.87462
04-04-2024 19:00,29.13,122.5,31.3,8.13,1.15,19.56,114.43,19.10078,72.87462
04-04-2024 19:15,29.27,122.07,31.02,7.78,1.17,19.56,114.3,19.10078,72.87462
04-04-2024 19:30,29.4,121.61,30.63,7.44,1.19,19.58,113.96,19.10078,72.87462
04-04-2024 19:45,29.53,121.16,30.12,7.13,1.21,19.6,113.44,19.10078,72.87462
04-04-2024 20:00,29.67,120.75,29.5,6.83,1.23,19.62,112.83,19.10078,72.87462
04-04-2024 20:15,29.8,120.43,28.79,6.57,1.26,19.65,112.29,19.10078,72.87462
04-04-2024 20:30,29.94,120.22,28,6.33,1.28,19.68,111.9,19.10078,72.87462
04-04-2024 20:45,30.09,120.14,27.15,6.12,1.31,19.71,111.4,19.10078,72.87462
04-04-2024 21:00,30.24,120.22,26.26,5.93,1.33,19.74,110.94,19.10078,72.87462
04-04-2024 21:15,30.4,120.45,25.36,5.76,1.35,19.77,110.86,19.10078,72.87462
04-04-2024 21:30,30.57,120.84,24.46,5.62,1.38,19.79,111.25,19.10078,72.87462
04-04-2024 21:45,30.74,121.37,23.59,5.5,1.4,19.81,111.45,19.10078,72.87462
04-04-2024 22:00,30.92,122.02,22.76,5.39,1.42,19.83,111.87,19.10078,72.87462
04-04-2024 22:15,31.09,122.77,22,5.3,1.44,19.84,112.2,19.10078,72.87462
04-04-2024 22:30,31.26,123.56,21.32,5.22,1.46,19.85,112.66,19.10078,72.87462
04-04-2024 22:45,31.42,124.36,20.71,5.15,1.48,19.86,113.8,19.10078,72.87462
04-04-2024 23:00,31.56,125.13,20.18,5.1,1.5,19.87,115.1,19.10078,72.87462
04-04-2024 23:15,31.68,125.82,19.74,5.05,1.52,19.88,116.15,19.10078,72.87462
04-04-2024 23:30,31.78,126.38,19.37,5.01,1.53,19.9,116.96,19.10078,72.87462
04-04-2024 23:45,31.84,126.78,19.06,4.98,1.54,19.91,117.66,19.10078,72.87462
05-04-2024 00:00,31.87,126.98,18.81,4.97,1.55,19.92,117.7,19.10078,72.87462
05-04-2024 00:15,31.86,126.96,18.6,4.96,1.56,19.94,117.61,19.10078,72.87462
05-04-2024 00:30,31.82,126.7,18.41,4.97,1.57,19.96,117.5,19.10078,72.87462
05-04-2024 00:45,31.73,126.2,18.24,4.99,1.57,19.98,117.21,19.10078,72.87462
05-04-2024 01:00,31.6,125.46,18.06,5.03,1.57,20,117,19.10078,72.87462
05-04-2024 01:15,31.43,124.5,17.87,5.08,1.57,20.02,117.07,19.10078,72.87462
05-04-2024 01:30,31.23,123.34,17.67,5.15,1.57,20.04,117.12,19.10078,72.87462
05-04-2024 01:45,30.99,122.02,17.44,5.22,1.56,20.05,117.05,19.10078,72.87462
05-04-2024 02:00,30.74,120.57,17.18,5.31,1.56,20.06,116.87,19.10078,72.87462
05-04-2024 02:15,30.46,119.03,16.9,5.41,1.55,20.07,116.66,19.10078,72.87462
05-04-2024 02:30,30.17,117.46,16.61,5.51,1.54,20.08,116.23,19.10078,72.87462
05-04-2024 02:45,29.87,115.89,16.29,5.6,1.53,20.07,115.76,19.10078,72.87462
05-04-2024 03:00,29.58,114.37,15.97,5.7,1.51,20.07,115.19,19.10078,72.87462
05-04-2024 03:15,29.3,112.94,15.65,5.78,1.5,20.06,114.76,19.10078,72.87462
05-04-2024 03:30,29.03,111.64,15.34,5.85,1.49,20.04,114.09,19.10078,72.87462
05-04-2024 03:45,28.79,110.49,15.05,5.91,1.48,20.02,113.33,19.10078,72.87462
05-04-2024 04:00,28.58,109.53,14.78,5.94,1.46,20,112.48,19.10078,72.87462
05-04-2024 04:15,28.4,108.75,14.54,5.95,1.45,19.97,111.66,19.10078,72.87462
05-04-2024 04:30,28.25,108.17,14.33,5.94,1.44,19.95,110.97,19.10078,72.87462
05-04-2024 04:45,28.15,107.78,14.14,5.91,1.43,19.92,110.35,19.10078,72.87462
05-04-2024 05:00,28.08,107.59,13.98,5.85,1.42,19.9,109.6,19.10078,72.87462
05-04-2024 05:15,28.06,107.58,13.85,5.79,1.42,19.88,108.81,19.10078,72.87462
05-04-2024 05:30,28.07,107.73,13.74,5.71,1.41,19.87,108.11,19.10078,72.87462
05-04-2024 05:45,28.12,108.03,13.64,5.62,1.41,19.86,107.54,19.10078,72.87462
05-04-2024 06:00,28.2,108.45,13.55,5.54,1.4,19.85,107.07,19.10078,72.87462
05-04-2024 06:15,28.32,108.98,13.46,5.48,1.4,19.85,106.93,19.10078,72.87462
05-04-2024 06:30,28.45,109.59,13.38,5.43,1.4,19.86,106.91,19.10078,72.87462
05-04-2024 06:45,28.61,110.27,13.3,5.41,1.4,19.86,106.89,19.10078,72.87462
05-04-2024 07:00,28.78,110.99,13.22,5.43,1.4,19.87,106.98,19.10078,72.87462
05-04-2024 07:15,28.96,111.75,13.15,5.49,1.4,19.87,107.09,19.10078,72.87462
05-04-2024 07:30,29.14,112.52,13.1,5.6,1.4,19.88,107.46,19.10078,72.87462
05-04-2024 07:45,29.32,113.31,13.08,5.77,1.4,19.88,107.86,19.10078,72.87462
05-04-2024 08:00,29.49,114.09,13.09,5.99,1.4,19.88,108.31,19.10078,72.87462
05-04-2024 08:15,29.64,114.86,13.16,6.28,1.4,19.87,108.77,19.10078,72.87462
05-04-2024 08:30,29.79,115.61,13.29,6.61,1.39,19.86,109.23,19.10078,72.87462
05-04-2024 08:45,29.9,116.33,13.51,7,1.39,19.84,109.76,19.10078,72.87462
05-04-2024 09:00,30,117.02,13.81,7.44,1.38,19.82,110.29,19.10078,72.87462
05-04-2024 09:15,30.07,117.65,14.22,7.92,1.37,19.8,110.86,19.10078,72.87462
05-04-2024 09:30,30.1,118.24,14.75,8.43,1.37,19.77,111.3,19.10078,72.87462
05-04-2024 09:45,30.11,118.75,15.38,8.96,1.36,19.74,111.59,19.10078,72.87462
05-04-2024 10:00,30.08,119.19,16.13,9.5,1.35,19.71,111.88,19.10078,72.87462
05-04-2024 10:15,30.02,119.54,16.98,10.04,1.33,19.68,112.19,19.10078,72.87462
05-04-2024 10:30,29.92,119.8,17.92,10.57,1.32,19.65,112.68,19.10078,72.87462
05-04-2024 10:45,29.8,119.95,18.94,11.09,1.31,19.63,113.3,19.10078,72.87462
05-04-2024 11:00,29.65,120,20.02,11.57,1.3,19.61,113.52,19.10078,72.87462
05-04-2024 11:15,29.47,119.94,21.14,12.02,1.29,19.61,113.54,19.10078,72.87462
05-04-2024 11:30,29.27,119.77,22.26,12.43,1.27,19.61,113.33,19.10078,72.87462
05-04-2024 11:45,29.05,119.51,23.37,12.79,1.26,19.62,113.31,19.10078,72.87462
05-04-2024 12:00,28.81,119.15,24.44,13.11,1.25,19.64,113.24,19.10078,72.87462
05-04-2024 12:15,28.57,118.73,25.45,13.37,1.24,19.67,113.05,19.10078,72.87462
05-04-2024 12:30,28.33,118.26,26.36,13.57,1.23,19.7,113,19.10078,72.87462
05-04-2024 12:45,28.08,117.76,27.18,13.73,1.22,19.74,112.97,19.10078,72.87462
05-04-2024 13:00,27.85,117.26,27.88,13.84,1.21,19.78,112.94,19.10078,72.87462
05-04-2024 13:15,27.63,116.79,28.46,13.9,1.2,19.82,112.9,19.10078,72.87462
05-04-2024 13:30,27.43,116.38,28.92,13.92,1.19,19.86,112.81,19.10078,72.87462
05-04-2024 13:45,27.26,116.05,29.27,13.9,1.18,19.89,112.66,19.10078,72.87462
05-04-2024 14:00,27.11,115.82,29.5,13.84,1.17,19.92,112.49,19.10078,72.87462
05-04-2024 14:15,26.99,115.71,29.65,13.75,1.16,19.94,112.28,19.10078,72.87462
05-04-2024 14:30,26.91,115.74,29.71,13.63,1.16,19.94,112.06,19.10078,72.87462
05-04-2024 14:45,26.86,115.91,29.73,13.48,1.15,19.94,111.74,19.10078,72.87462
05-04-2024 15:00,26.85,116.22,29.71,13.31,1.14,19.92,111.55,19.10078,72.87462
05-04-2024 15:15,26.88,116.65,29.68,13.11,1.13,19.89,111.53,19.10078,72.87462
05-04-2024 15:30,26.93,117.2,29.65,12.89,1.12,19.84,111.62,19.10078,72.87462
05-04-2024 15:45,27.02,117.84,29.64,12.65,1.12,19.79,111.72,19.10078,72.87462
05-04-2024 16:00,27.14,118.55,29.67,12.39,1.11,19.72,111.69,19.10078,72.87462
05-04-2024 16:15,27.27,119.29,29.75,12.1,1.11,19.65,111.84,19.10078,72.87462
05-04-2024 16:30,27.43,120.03,29.86,11.8,1.11,19.57,111.91,19.10078,72.87462
05-04-2024 16:45,27.6,120.73,30.02,11.47,1.11,19.5,112.04,19.10078,72.87462
05-04-2024 17:00,27.78,121.36,30.21,11.13,1.11,19.42,112.32,19.10078,72.87462
05-04-2024 17:15,27.97,121.9,30.43,10.77,1.11,19.35,112.45,19.10078,72.87462
05-04-2024 17:30,28.15,122.32,30.64,10.41,1.12,19.28,112.78,19.10078,72.87462
05-04-2024 17:45,28.34,122.61,30.85,10.03,1.12,19.22,112.97,19.10078,72.87462
05-04-2024 18:00,28.51,122.75,31.02,9.64,1.13,19.17,113.24,19.10078,72.87462
05-04-2024 18:15,28.69,122.75,31.13,9.25,1.14,19.13,113.41,19.10078,72.87462
05-04-2024 18:30,28.85,122.61,31.17,8.87,1.16,19.1,113.47,19.10078,72.87462
05-04-2024 18:45,29.01,122.36,31.13,8.49,1.17,19.08,113.4,19.10078,72.87462
05-04-2024 19:00,29.16,122.02,30.97,8.13,1.19,19.08,113.28,19.10078,72.87462
05-04-2024 19:15,29.3,121.61,30.71,7.78,1.21,19.08,113.05,19.10078,72.87462
05-04-2024 19:30,29.44,121.18,30.33,7.44,1.23,19.1,112.65,19.10078,72.87462
05-04-2024 19:45,29.58,120.76,29.83,7.13,1.25,19.12,112.26,19.10078,72.87462
05-04-2024 20:00,29.72,120.39,29.23,6.85,1.27,19.15,111.85,19.10078,72.87462
05-04-2024 20:15,29.86,120.09,28.54,6.59,1.3,19.18,111.57,19.10078,72.87462
05-04-2024 20:30,30.01,119.92,27.76,6.35,1.32,19.21,111.17,19.10078,72.87462
05-04-2024 20:45,30.17,119.88,26.92,6.15,1.34,19.24,110.74,19.10078,72.87462
05-04-2024 21:00,30.33,119.99,26.05,5.96,1.37,19.27,110.43,19.10078,72.87462
05-04-2024 21:15,30.5,120.26,25.16,5.8,1.39,19.3,110.34,19.10078,72.87462
05-04-2024 21:30,30.68,120.69,24.28,5.66,1.41,19.33,110.46,19.10078,72.87462
05-04-2024 21:45,30.87,121.26,23.42,5.55,1.43,19.36,110.68,19.10078,72.87462
05-04-2024 22:00,31.05,121.96,22.61,5.44,1.46,19.38,111.07,19.10078,72.87462
05-04-2024 22:15,31.24,122.74,21.87,5.36,1.48,19.4,111.73,19.10078,72.87462
05-04-2024 22:30,31.42,123.58,21.19,5.28,1.5,19.42,112.96,19.10078,72.87462
05-04-2024 22:45,31.59,124.43,20.6,5.22,1.51,19.44,114.24,19.10078,72.87462
05-04-2024 23:00,31.74,125.24,20.09,5.17,1.53,19.46,115.31,19.10078,72.87462
05-04-2024 23:15,31.87,125.98,19.66,5.13,1.55,19.48,116.47,19.10078,72.87462
05-04-2024 23:30,31.98,126.59,19.31,5.09,1.56,19.5,116.6,19.10078,72.87462
05-04-2024 23:45,32.06,127.03,19.02,5.07,1.57,19.53,116.56,19.10078,72.87462
06-04-2024 00:00,32.1,127.28,18.78,5.06,1.58,19.55,116.39,19.10078,72.87462
06-04-2024 00:15,32.1,127.31,18.58,5.06,1.59,19.58,116.44,19.10078,72.87462
06-04-2024 00:30,32.06,127.1,18.41,5.07,1.59,19.61,116.47,19.10078,72.87462
06-04-2024 00:45,31.99,126.65,18.25,5.1,1.6,19.64,116.44,19.10078,72.87462
06-04-2024 01:00,31.87,125.96,18.09,5.14,1.6,19.67,116.48,19.10078,72.87462
06-04-2024 01:15,31.71,125.05,17.92,5.2,1.6,19.71,116.37,19.10078,72.87462
06-04-2024 01:30,31.52,123.94,17.73,5.27,1.59,19.74,116.39,19.10078,72.87462
06-04-2024 01:45,31.3,122.67,17.51,5.35,1.59,19.77,116.4,19.10078,72.87462
06-04-2024 02:00,31.06,121.27,17.27,5.44,1.58,19.79,116.64,19.10078,72.87462
06-04-2024 02:15,30.79,119.78,17.01,5.54,1.57,19.82,116.39,19.10078,72.87462
06-04-2024 02:30,30.51,118.26,16.72,5.64,1.56,19.84,116.11,19.10078,72.87462
06-04-2024 02:45,30.23,116.74,16.42,5.74,1.55,19.85,115.67,19.10078,72.87462
06-04-2024 03:00,29.95,115.27,16.12,5.84,1.54,19.86,115.32,19.10078,72.87462
06-04-2024 03:15,29.68,113.89,15.81,5.93,1.52,19.86,114.76,19.10078,72.87462
06-04-2024 03:30,29.42,112.64,15.52,6.01,1.51,19.86,114.24,19.10078,72.87462
06-04-2024 03:45,29.19,111.54,15.24,6.06,1.49,19.86,113.72,19.10078,72.87462
06-04-2024 04:00,28.99,110.62,14.98,6.1,1.48,19.85,113.17,19.10078,72.87462
06-04-2024 04:15,28.82,109.89,14.75,6.12,1.47,19.85,112.51,19.10078,72.87462
06-04-2024 04:30,28.69,109.36,14.55,6.11,1.46,19.84,111.79,19.10078,72.87462
06-04-2024 04:45,28.6,109.02,14.38,6.08,1.45,19.83,111.14,19.10078,72.87462
06-04-2024 05:00,28.54,108.88,14.23,6.03,1.44,19.83,110.49,19.10078,72.87462
06-04-2024 05:15,28.53,108.91,14.11,5.96,1.43,19.83,110.05,19.10078,72.87462
06-04-2024 05:30,28.55,109.11,14.01,5.89,1.42,19.84,109.6,19.10078,72.87462
06-04-2024 05:45,28.61,109.45,13.92,5.81,1.42,19.85,109.17,19.10078,72.87462
06-04-2024 06:00,28.71,109.91,13.84,5.73,1.41,19.86,108.77,19.10078,72.87462
06-04-2024 06:15,28.83,110.48,13.77,5.67,1.41,19.88,108.51,19.10078,72.87462
06-04-2024 06:30,28.97,111.13,13.69,5.62,1.41,19.9,108.31,19.10078,72.87462
06-04-2024 06:45,29.14,111.84,13.62,5.61,1.41,19.92,108.32,19.10078,72.87462
06-04-2024 07:00,29.32,112.61,13.55,5.63,1.41,19.95,108.43,19.10078,72.87462
06-04-2024 07:15,29.5,113.4,13.49,5.69,1.41,19.97,108.58,19.10078,72.87462
06-04-2024 07:30,29.69,114.21,13.45,5.81,1.41,20,108.98,19.10078,72.87462
06-04-2024 07:45,29.88,115.02,13.43,5.98,1.4,20.02,109.43,19.10078,72.87462
06-04-2024 08:00,30.06,115.83,13.46,6.21,1.4,20.04,110.01,19.10078,72.87462
06-04-2024 08:15,30.22,116.63,13.53,6.49,1.4,20.05,110.59,19.10078,72.87462
06-04-2024 08:30,30.37,117.41,13.67,6.83,1.39,20.06,111.09,19.10078,72.87462
06-04-2024 08:45,30.5,118.16,13.89,7.23,1.39,20.06,111.48,19.10078,72.87462
06-04-2024 09:00,30.6,118.86,14.2,7.67,1.38,20.06,111.82,19.10078,72.87462
06-04-2024 09:15,30.67,119.52,14.62,8.14,1.37,20.06,112.42,19.10078,72.87462
06-04-2024 09:30,30.71,120.13,15.15,8.66,1.36,20.05,112.86,19.10078,72.87462
06-04-2024 09:45,30.72,120.66,15.79,9.19,1.35,20.03,113.2,19.10078,72.87462
06-04-2024 10:00,30.7,121.11,16.53,9.73,1.34,20.02,113.82,19.10078,72.87462
06-04-2024 10:15,30.64,121.48,17.39,10.28,1.33,20.01,114.2,19.10078,72.87462
06-04-2024 10:30,30.55,121.75,18.34,10.81,1.32,20,114.51,19.10078,72.87462
06-04-2024 10:45,30.43,121.91,19.36,11.33,1.3,20,114.74,19.10078,72.87462
06-04-2024 11:00,30.28,121.96,20.44,11.82,1.29,20.01,115.05,19.10078,72.87462
06-04-2024 11:15,30.1,121.9,21.56,12.27,1.28,20.02,115.25,19.10078,72.87462
06-04-2024 11:30,29.9,121.74,22.69,12.68,1.26,20.04,115.25,19.10078,72.87462
06-04-2024 11:45,29.68,121.47,23.8,13.04,1.25,20.07,115.18,19.10078,72.87462
06-04-2024 12:00,29.45,121.11,24.87,13.36,1.24,20.1,115.02,19.10078,72.87462
06-04-2024 12:15,29.21,120.68,25.87,13.62,1.23,20.15,115.16,19.10078,72.87462
06-04-2024 12:30,28.96,120.2,26.79,13.83,1.22,20.2,115.21,19.10078,72.87462
06-04-2024 12:45,28.72,119.69,27.6,13.99,1.2,20.25,115.18,19.10078,72.87462
06-04-2024 13:00,28.49,119.18,28.3,14.1,1.19,20.31,115.38,19.10078,72.87462
06-04-2024 13:15,28.27,118.7,28.88,14.16,1.18,20.37,115.44,19.10078,72.87462
06-04-2024 13:30,28.06,118.26,29.34,14.18,1.17,20.42,115.31,19.10078,72.87462
06-04-2024 13:45,27.88,117.91,29.68,14.16,1.16,20.47,115.06,19.10078,72.87462
06-04-2024 14:00,27.73,117.66,29.91,14.11,1.15,20.51,114.55,19.10078,72.87462
06-04-2024 14:15,27.61,117.52,30.05,14.02,1.14,20.54,114.1,19.10078,72.87462
06-04-2024 14:30,27.53,117.52,30.11,13.9,1.13,20.57,113.7,19.10078,72.87462
06-04-2024 14:45,27.47,117.65,30.12,13.75,1.13,20.57,113.35,19.10078,72.87462
06-04-2024 15:00,27.46,117.92,30.1,13.58,1.12,20.57,112.88,19.10078,72.87462
06-04-2024 15:15,27.47,118.32,30.06,13.39,1.11,20.55,112.63,19.10078,72.87462
06-04-2024 15:30,27.52,118.83,30.03,13.17,1.1,20.52,112.47,19.10078,72.87462
06-04-2024 15:45,27.6,119.43,30.01,12.93,1.09,20.47,112.41,19.10078,72.87462
06-04-2024 16:00,27.71,120.09,30.04,12.66,1.09,20.42,112.55,19.10078,72.87462
06-04-2024 16:15,27.84,120.77,30.1,12.38,1.08,20.36,112.53,19.10078,72.87462
06-04-2024 16:30,27.98,121.46,30.21,12.08,1.08,20.29,112.71,19.10078,72.87462
06-04-2024 16:45,28.14,122.11,30.36,11.75,1.08,20.22,112.88,19.10078,72.87462
06-04-2024 17:00,28.31,122.68,30.54,11.41,1.08,20.16,113.03,19.10078,72.87462
06-04-2024 17:15,28.49,123.16,30.74,11.06,1.08,20.09,113.37,19.10078,72.87462
06-04-2024 17:30,28.66,123.51,30.95,10.69,1.08,20.03,113.71,19.10078,72.87462
06-04-2024 17:45,28.83,123.73,31.15,10.31,1.09,19.98,114.17,19.10078,72.87462
06-04-2024 18:00,29,123.8,31.31,9.93,1.1,19.94,114.45,19.10078,72.87462
06-04-2024 18:15,29.16,123.73,31.41,9.54,1.11,19.9,114.64,19.10078,72.87462
06-04-2024 18:30,29.31,123.52,31.44,9.16,1.12,19.88,114.79,19.10078,72.87462
06-04-2024 18:45,29.45,123.19,31.38,8.78,1.14,19.87,114.9,19.10078,72.87462
06-04-2024 19:00,29.58,122.76,31.21,8.42,1.15,19.87,114.75,19.10078,72.87462
06-04-2024 19:15,29.71,122.27,30.94,8.07,1.17,19.88,114.56,19.10078,72.87462
06-04-2024 19:30,29.83,121.75,30.55,7.74,1.19,19.89,114.26,19.10078,72.87462
06-04-2024 19:45,29.96,121.24,30.04,7.43,1.21,19.92,113.73,19.10078,72.87462
06-04-2024 20:00,30.08,120.77,29.42,7.15,1.23,19.95,113.08,19.10078,72.87462
06-04-2024 20:15,30.2,120.39,28.71,6.89,1.25,19.98,112.57,19.10078,72.87462
06-04-2024 20:30,30.33,120.11,27.92,6.66,1.28,20.01,112.21,19.10078,72.87462
06-04-2024 20:45,30.47,119.97,27.07,6.45,1.3,20.04,111.84,19.10078,72.87462
06-04-2024 21:00,30.61,119.98,26.18,6.27,1.32,20.07,111.54,19.10078,72.87462
06-04-2024 21:15,30.76,120.15,25.28,6.11,1.34,20.1,111.55,19.10078,72.87462
06-04-2024 21:30,30.92,120.47,24.38,5.97,1.37,20.13,111.78,19.10078,72.87462
06-04-2024 21:45,31.08,120.94,23.51,5.86,1.39,20.15,112.19,19.10078,72.87462
06-04-2024 22:00,31.25,121.52,22.68,5.76,1.41,20.17,112.32,19.10078,72.87462
06-04-2024 22:15,31.41,122.19,21.92,5.67,1.43,20.19,112.62,19.10078,72.87462
06-04-2024 22:30,31.57,122.91,21.23,5.6,1.45,20.21,113.05,19.10078,72.87462
06-04-2024 22:45,31.71,123.64,20.63,5.54,1.46,20.22,114.07,19.10078,72.87462
06-04-2024 23:00,31.84,124.34,20.1,5.49,1.48,20.23,115.02,19.10078,72.87462
06-04-2024 23:15,31.95,124.95,19.65,5.45,1.5,20.24,116.16,19.10078,72.87462
06-04-2024 23:30,32.03,125.43,19.28,5.42,1.51,20.26,117.16,19.10078,72.87462
06-04-2024 23:45,32.09,125.75,18.98,5.4,1.52,20.27,117.79,19.10078,72.87462
07-04-2024 00:00,32.1,125.88,18.72,5.39,1.53,20.29,118.2,19.10078,72.87462
07-04-2024 00:15,32.08,125.78,18.51,5.39,1.54,20.31,118.69,19.10078,72.87462
07-04-2024 00:30,32.02,125.44,18.32,5.4,1.54,20.33,118.66,19.10078,72.87462
07-04-2024 00:45,31.91,124.85,18.15,5.43,1.54,20.35,118.59,19.10078,72.87462
07-04-2024 01:00,31.77,124.03,17.97,5.48,1.54,20.37,118.66,19.10078,72.87462
07-04-2024 01:15,31.59,122.99,17.78,5.54,1.54,20.39,118.71,19.10078,72.87462
07-04-2024 01:30,31.37,121.74,17.57,5.61,1.54,20.41,118.62,19.10078,72.87462
07-04-2024 01:45,31.12,120.33,17.34,5.69,1.53,20.43,118.33,19.10078,72.87462
07-04-2024 02:00,30.85,118.79,17.08,5.79,1.52,20.44,118.04,19.10078,72.87462
07-04-2024 02:15,30.56,117.17,16.8,5.89,1.51,20.45,117.87,19.10078,72.87462
07-04-2024 02:30,30.25,115.5,16.5,5.99,1.5,20.45,117.42,19.10078,72.87462
07-04-2024 02:45,29.94,113.84,16.18,6.1,1.49,20.45,116.8,19.10078,72.87462
07-04-2024 03:00,29.63,112.23,15.86,6.2,1.47,20.44,116.01,19.10078,72.87462
07-04-2024 03:15,29.33,110.71,15.54,6.29,1.46,20.43,115.23,19.10078,72.87462
07-04-2024 03:30,29.05,109.32,15.23,6.37,1.45,20.41,114.38,19.10078,72.87462
07-04-2024 03:45,28.79,108.08,14.93,6.43,1.43,20.39,113.37,19.10078,72.87462
07-04-2024 04:00,28.56,107.01,14.66,6.47,1.42,20.36,112.23,19.10078,72.87462
07-04-2024 04:15,28.36,106.14,14.42,6.49,1.4,20.33,110.88,19.10078,72.87462
07-04-2024 04:30,28.2,105.46,14.2,6.48,1.39,20.31,109.85,19.10078,72.87462
07-04-2024 04:45,28.08,104.98,14.01,6.45,1.38,20.28,108.73,19.10078,72.87462
07-04-2024 05:00,27.99,104.69,13.85,6.41,1.37,20.26,107.61,19.10078,72.87462
07-04-2024 05:15,27.95,104.58,13.72,6.35,1.36,20.24,106.63,19.10078,72.87462
07-04-2024 05:30,27.95,104.63,13.6,6.27,1.36,20.22,105.7,19.10078,72.87462
07-04-2024 05:45,27.98,104.83,13.5,6.2,1.35,20.2,105.03,19.10078,72.87462
07-04-2024 06:00,28.04,105.15,13.4,6.12,1.35,20.2,104.5,19.10078,72.87462
07-04-2024 06:15,28.13,105.57,13.32,6.06,1.34,20.19,104.05,19.10078,72.87462
07-04-2024 06:30,28.25,106.08,13.23,6.02,1.34,20.19,103.93,19.10078,72.87462
07-04-2024 06:45,28.39,106.66,13.14,6.01,1.34,20.19,103.94,19.10078,72.87462
07-04-2024 07:00,28.54,107.28,13.06,6.03,1.34,20.19,103.97,19.10078,72.87462
07-04-2024 07:15,28.7,107.93,12.99,6.1,1.34,20.19,104.08,19.10078,72.87462
07-04-2024 07:30,28.86,108.6,12.94,6.22,1.34,20.19,104.18,19.10078,72.87462
07-04-2024 07:45,29.02,109.28,12.91,6.39,1.34,20.18,104.54,19.10078,72.87462
07-04-2024 08:00,29.17,109.96,12.92,6.63,1.33,20.17,104.92,19.10078,72.87462
07-04-2024 08:15,29.3,110.62,12.99,6.91,1.33,20.16,105.38,19.10078,72.87462
07-04-2024 08:30,29.43,111.27,13.12,7.26,1.32,20.14,105.84,19.10078,72.87462
07-04-2024 08:45,29.52,111.88,13.33,7.65,1.32,20.12,106.31,19.10078,72.87462
07-04-2024 09:00,29.6,112.46,13.63,8.1,1.31,20.09,106.6,19.10078,72.87462
07-04-2024 09:15,29.64,112.99,14.04,8.58,1.3,20.05,106.87,19.10078,72.87462
07-04-2024 09:30,29.66,113.47,14.56,9.1,1.29,20.02,107.34,19.10078,72.87462
07-04-2024 09:45,29.64,113.88,15.19,9.63,1.28,19.98,107.85,19.10078,72.87462
07-04-2024 10:00,29.6,114.21,15.93,10.18,1.27,19.93,108.46,19.10078,72.87462
07-04-2024 10:15,29.51,114.46,16.78,10.73,1.26,19.9,108.95,19.10078,72.87462
07-04-2024 10:30,29.4,114.61,17.72,11.27,1.24,19.86,109.41,19.10078,72.87462
07-04-2024 10:45,29.25,114.66,18.74,11.79,1.23,19.83,109.98,19.10078,72.87462
07-04-2024 11:00,29.08,114.6,19.82,12.28,1.22,19.8,110.3,19.10078,72.87462
07-04-2024 11:15,28.88,114.43,20.93,12.73,1.21,19.78,110.38,19.10078,72.87462
07-04-2024 11:30,28.66,114.16,22.06,13.15,1.19,19.77,110.27,19.10078,72.87462
07-04-2024 11:45,28.42,113.79,23.16,13.52,1.18,19.77,110.31,19.10078,72.87462
07-04-2024 12:00,28.16,113.33,24.23,13.83,1.17,19.78,110.31,19.10078,72.87462
07-04-2024 12:15,27.9,112.81,25.23,14.1,1.16,19.79,110.23,19.10078,72.87462
07-04-2024 12:30,27.64,112.23,26.15,14.31,1.14,19.81,110.16,19.10078,72.87462
07-04-2024 12:45,27.37,111.63,26.96,14.47,1.13,19.84,110.39,19.10078,72.87462
07-04-2024 13:00,27.12,111.03,27.67,14.59,1.12,19.87,110.46,19.10078,72.87462
07-04-2024 13:15,26.88,110.46,28.25,14.66,1.11,19.89,110.35,19.10078,72.87462
07-04-2024 13:30,26.66,109.95,28.7,14.68,1.1,19.92,109.89,19.10078,72.87462
07-04-2024 13:45,26.47,109.51,29.05,14.66,1.09,19.94,109.39,19.10078,72.87462
07-04-2024 14:00,26.3,109.19,29.28,14.61,1.08,19.95,108.91,19.10078,72.87462
07-04-2024 14:15,26.16,108.98,29.42,14.53,1.07,19.95,108.46,19.10078,72.87462
07-04-2024 14:30,26.06,108.91,29.49,14.41,1.06,19.94,108.04,19.10078,72.87462
07-04-2024 14:45,25.99,108.98,29.51,14.27,1.05,19.92,107.58,19.10078,72.87462
07-04-2024 15:00,25.96,109.2,29.49,14.1,1.04,19.89,107.15,19.10078,72.87462
07-04-2024 15:15,25.97,109.54,29.45,13.91,1.04,19.84,106.81,19.10078,72.87462
07-04-2024 15:30,26.01,110,29.43,13.69,1.03,19.78,106.44,19.10078,72.87462
07-04-2024 15:45,26.07,110.55,29.42,13.46,1.02,19.71,106.34,19.10078,72.87462
07-04-2024 16:00,26.17,111.16,29.45,13.2,1.02,19.62,106.38,19.10078,72.87462
07-04-2024 16:15,26.29,111.81,29.53,12.92,1.01,19.53,106.43,19.10078,72.87462
07-04-2024 16:30,26.43,112.46,29.64,12.62,1.01,19.44,106.69,19.10078,72.87462
07-04-2024 16:45,26.58,113.08,29.8,12.3,1.01,19.34,106.82,19.10078,72.87462
07-04-2024 17:00,26.74,113.63,30,11.96,1.01,19.25,107.07,19.10078,72.87462
07-04-2024 17:15,26.91,114.09,30.21,11.61,1.01,19.16,107.47,19.10078,72.87462
07-04-2024 17:30,27.08,114.43,30.43,11.24,1.01,19.07,107.8,19.10078,72.87462
07-04-2024 17:45,27.25,114.63,30.64,10.87,1.02,18.99,108.21,19.10078,72.87462
07-04-2024 18:00,27.41,114.7,30.81,10.49,1.03,18.92,108.46,19.10078,72.87462
07-04-2024 18:15,27.57,114.62,30.93,10.11,1.04,18.86,108.59,19.10078,72.87462
07-04-2024 18:30,27.71,114.41,30.98,9.73,1.05,18.82,108.63,19.10078,72.87462
07-04-2024 18:45,27.85,114.08,30.93,9.35,1.07,18.78,108.74,19.10078,72.87462
07-04-2024 19:00,27.99,113.67,30.78,8.99,1.08,18.76,108.67,19.10078,72.87462
07-04-2024 19:15,28.12,113.2,30.52,8.64,1.1,18.74,108.5,19.10078,72.87462
07-04-2024 19:30,28.24,112.7,30.15,8.31,1.12,18.73,108.18,19.10078,72.87462
07-04-2024 19:45,28.37,112.21,29.66,8.01,1.14,18.73,107.71,19.10078,72.87462
07-04-2024 20:00,28.5,111.78,29.06,7.73,1.17,18.74,107.16,19.10078,72.87462
07-04-2024 20:15,28.63,111.43,28.37,7.47,1.19,18.75,106.63,19.10078,72.87462
07-04-2024 20:30,28.76,111.19,27.6,7.24,1.21,18.76,106.15,19.10078,72.87462
07-04-2024 20:45,28.9,111.1,26.77,7.03,1.23,18.77,105.77,19.10078,72.87462
07-04-2024 21:00,29.06,111.16,25.9,6.85,1.26,18.78,105.45,19.10078,72.87462
07-04-2024 21:15,29.22,111.38,25.02,6.69,1.28,18.79,105.19,19.10078,72.87462
07-04-2024 21:30,29.38,111.76,24.14,6.56,1.3,18.8,105.07,19.10078,72.87462
07-04-2024 21:45,29.56,112.29,23.3,6.44,1.32,18.8,105.13,19.10078,72.87462
07-04-2024 22:00,29.73,112.94,22.5,6.34,1.35,18.81,105.29,19.10078,72.87462
07-04-2024 22:15,29.91,113.69,21.76,6.26,1.37,18.81,105.67,19.10078,72.87462
07-04-2024 22:30,30.08,114.49,21.09,6.19,1.39,18.8,106.03,19.10078,72.87462
07-04-2024 22:45,30.24,115.3,20.51,6.13,1.4,18.8,106.42,19.10078,72.87462
07-04-2024 23:00,30.38,116.09,20.01,6.08,1.42,18.8,107.25,19.10078,72.87462
07-04-2024 23:15,30.51,116.79,19.59,6.04,1.44,18.8,108.88,19.10078,72.87462
07-04-2024 23:30,30.61,117.38,19.25,6.01,1.45,18.79,110.06,19.10078,72.87462
07-04-2024 23:45,30.68,117.8,18.97,5.99,1.46,18.8,111.08,19.10078,72.87462
08-04-2024 00:00,30.71,118.03,18.74,5.98,1.47,18.8,111.91,19.10078,72.87462
08-04-2024 00:15,30.71,118.04,18.56,5.98,1.48,18.81,112.7,19.10078,72.87462
08-04-2024 00:30,30.67,117.82,18.4,5.99,1.48,18.81,113.33,19.10078,72.87462
08-04-2024 00:45,30.58,117.36,18.25,6.02,1.49,18.82,113.69,19.10078,72.87462
08-04-2024 01:00,30.46,116.66,18.1,6.06,1.49,18.83,113.89,19.10078,72.87462
08-04-2024 01:15,30.3,115.75,17.94,6.12,1.49,18.84,114.04,19.10078,72.87462
08-04-2024 01:30,30.11,114.64,17.76,6.19,1.48,18.85,113.92,19.10078,72.87462
08-04-2024 01:45,29.89,113.37,17.56,6.27,1.48,18.86,113.71,19.10078,72.87462
08-04-2024 02:00,29.64,111.97,17.33,6.36,1.47,18.87,113.49,19.10078,72.87462
08-04-2024 02:15,29.37,110.49,17.08,6.46,1.46,18.87,113.11,19.10078,72.87462
08-04-2024 02:30,29.09,108.98,16.81,6.57,1.45,18.87,112.59,19.10078,72.87462
08-04-2024 02:45,28.81,107.48,16.53,6.67,1.44,18.86,111.95,19.10078,72.87462
08-04-2024 03:00,28.53,106.03,16.24,6.76,1.42,18.84,111.26,19.10078,72.87462
08-04-2024 03:15,28.26,104.67,15.95,6.85,1.41,18.83,110.37,19.10078,72.87462
08-04-2024 03:30,28.01,103.44,15.67,6.93,1.4,18.81,109.45,19.10078,72.87462
08-04-2024 03:45,27.78,102.37,15.4,6.98,1.38,18.78,108.26,19.10078,72.87462
08-04-2024 04:00,27.58,101.49,15.16,7.02,1.37,18.75,106.97,19.10078,72.87462
08-04-2024 04:15,27.42,100.79,14.95,7.03,1.36,18.73,105.68,19.10078,72.87462
08-04-2024 04:30,27.29,100.3,14.76,7.03,1.35,18.7,104.65,19.10078,72.87462
08-04-2024 04:45,27.2,100,14.61,7,1.34,18.67,103.51,19.10078,72.87462
08-04-2024 05:00,27.15,99.9,14.48,6.94,1.33,18.65,102.42,19.10078,72.87462
08-04-2024 05:15,27.15,99.98,14.38,6.88,1.32,18.63,101.69,19.10078,72.87462
08-04-2024 05:30,27.18,100.23,14.29,6.8,1.31,18.62,101.08,19.10078,72.87462
08-04-2024 05:45,27.25,100.63,14.22,6.72,1.31,18.61,100.6,19.10078,72.87462
08-04-2024 06:00,27.35,101.15,14.16,6.64,1.31,18.6,100.16,19.10078,72.87462
08-04-2024 06:15,27.48,101.78,14.11,6.57,1.3,18.6,99.76,19.10078,72.87462
08-04-2024 06:30,27.63,102.5,14.05,6.53,1.3,18.6,99.52,19.10078,72.87462
08-04-2024 06:45,27.81,103.28,14,6.51,1.3,18.61,99.53,19.10078,72.87462
08-04-2024 07:00,28,104.12,13.95,6.53,1.3,18.61,99.88,19.10078,72.87462
08-04-2024 07:15,28.2,104.99,13.91,6.59,1.3,18.62,100.09,19.10078,72.87462
08-04-2024 07:30,28.4,105.88,13.89,6.7,1.3,18.63,100.32,19.10078,72.87462
08-04-2024 07:45,28.6,106.78,13.89,6.87,1.3,18.63,100.82,19.10078,72.87462
08-04-2024 08:00,28.79,107.68,13.94,7.09,1.3,18.63,101.35,19.10078,72.87462
08-04-2024 08:15,28.97,108.57,14.03,7.37,1.3,18.63,101.91,19.10078,72.87462
08-04-2024 08:30,29.13,109.44,14.19,7.71,1.29,18.62,102.47,19.10078,72.87462
08-04-2024 08:45,29.27,110.28,14.44,8.1,1.29,18.61,103.12,19.10078,72.87462
08-04-2024 09:00,29.39,111.09,14.77,8.53,1.28,18.59,103.78,19.10078,72.87462
08-04-2024 09:15,29.48,111.86,15.21,9.01,1.27,18.57,104.42,19.10078,72.87462
08-04-2024 09:30,29.54,112.56,15.76,9.51,1.26,18.54,105.07,19.10078,72.87462
08-04-2024 09:45,29.57,113.21,16.42,10.04,1.25,18.52,105.76,19.10078,72.87462
08-04-2024 10:00,29.56,113.78,17.19,10.58,1.24,18.49,106.57,19.10078,72.87462
08-04-2024 10:15,29.52,114.26,18.07,11.12,1.23,18.46,107.22,19.10078,72.87462
08-04-2024 10:30,29.45,114.65,19.04,11.65,1.22,18.44,107.88,19.10078,72.87462
08-04-2024 10:45,29.35,114.94,20.09,12.16,1.21,18.43,108.48,19.10078,72.87462
08-04-2024 11:00,29.23,115.12,21.19,12.64,1.19,18.42,108.93,19.10078,72.87462
08-04-2024 11:15,29.07,115.19,22.33,13.09,1.18,18.42,109.38,19.10078,72.87462
08-04-2024 11:30,28.89,115.16,23.48,13.49,1.17,18.42,109.82,19.10078,72.87462
08-04-2024 11:45,28.7,115.03,24.62,13.85,1.16,18.44,110.03,19.10078,72.87462
08-04-2024 12:00,28.49,114.81,25.71,14.15,1.15,18.46,110.24,19.10078,72.87462
08-04-2024 12:15,28.27,114.52,26.74,14.41,1.13,18.5,110.53,19.10078,72.87462
08-04-2024 12:30,28.05,114.19,27.68,14.61,1.12,18.54,110.99,19.10078,72.87462
08-04-2024 12:45,27.83,113.83,28.52,14.76,1.11,18.58,111.45,19.10078,72.87462
08-04-2024 13:00,27.62,113.47,29.24,14.86,1.1,18.63,111.68,19.10078,72.87462
08-04-2024 13:15,27.43,113.14,29.85,14.92,1.09,18.67,111.74,19.10078,72.87462
08-04-2024 13:30,27.25,112.86,30.33,14.93,1.08,18.72,111.57,19.10078,72.87462
08-04-2024 13:45,27.1,112.67,30.69,14.91,1.07,18.76,111.35,19.10078,72.87462
08-04-2024 14:00,26.98,112.58,30.95,14.84,1.07,18.79,111.08,19.10078,72.87462
08-04-2024 14:15,26.89,112.61,31.11,14.74,1.06,18.82,110.68,19.10078,72.87462
08-04-2024 14:30,26.83,112.77,31.2,14.62,1.05,18.83,110.37,19.10078,72.87462
08-04-2024 14:45,26.81,113.08,31.23,14.46,1.04,18.83,110.23,19.10078,72.87462
08-04-2024 15:00,26.82,113.52,31.23,14.28,1.03,18.82,110.25,19.10078,72.87462
08-04-2024 15:15,26.87,114.1,31.22,14.08,1.02,18.79,110.42,19.10078,72.87462
08-04-2024 15:30,26.95,114.78,31.21,13.85,1.02,18.75,110.35,19.10078,72.87462
08-04-2024 15:45,27.06,115.56,31.22,13.6,1.01,18.7,110.18,19.10078,72.87462
08-04-2024 16:00,27.2,116.4,31.27,13.33,1.01,18.65,110.27,19.10078,72.87462
08-04-2024 16:15,27.36,117.28,31.36,13.03,1,18.58,110.32,19.10078,72.87462
08-04-2024 16:30,27.54,118.15,31.49,12.72,1,18.51,110.59,19.10078,72.87462
08-04-2024 16:45,27.73,118.98,31.66,12.39,1,18.44,111.01,19.10078,72.87462
08-04-2024 17:00,27.93,119.75,31.87,12.04,1,18.37,111.21,19.10078,72.87462
08-04-2024 17:15,28.14,120.42,32.09,11.67,1,18.3,111.68,19.10078,72.87462
08-04-2024 17:30,28.35,120.97,32.32,11.29,1.01,18.24,112.06,19.10078,72.87462
08-04-2024 17:45,28.55,121.38,32.54,10.9,1.02,18.18,112.44,19.10078,72.87462
08-04-2024 18:00,28.75,121.65,32.72,10.51,1.03,18.14,112.76,19.10078,72.87462
08-04-2024 18:15,28.95,121.78,32.85,10.11,1.04,18.1,113.11,19.10078,72.87462
08-04-2024 18:30,29.13,121.76,32.9,9.72,1.05,18.08,113.45,19.10078,72.87462
08-04-2024 18:45,29.31,121.64,32.86,9.33,1.07,18.07,113.78,19.10078,72.87462
08-04-2024 19:00,29.48,121.41,32.72,8.95,1.08,18.07,113.87,19.10078,72.87462
08-04-2024 19:15,29.65,121.13,32.47,8.59,1.1,18.08,113.94,19.10078,72.87462
08-04-2024 19:30,29.81,120.82,32.1,8.25,1.12,18.09,113.84,19.10078,72.87462
08-04-2024 19:45,29.96,120.51,31.61,7.93,1.14,18.12,113.6,19.10078,72.87462
08-04-2024 20:00,30.12,120.26,31.02,7.63,1.17,18.15,113.21,19.10078,72.87462
08-04-2024 20:15,30.29,120.08,30.33,7.36,1.19,18.18,112.47,19.10078,72.87462
08-04-2024 20:30,30.45,120.02,29.56,7.11,1.21,18.22,111.79,19.10078,72.87462
08-04-2024 20:45,30.63,120.09,28.73,6.89,1.24,18.25,111.3,19.10078,72.87462
08-04-2024 21:00,30.81,120.31,27.86,6.7,1.26,18.29,110.79,19.10078,72.87462
08-04-2024 21:15,31,120.69,26.97,6.52,1.28,18.32,110.45,19.10078,72.87462
08-04-2024 21:30,31.19,121.22,26.09,6.37,1.31,18.35,110.19,19.10078,72.87462
08-04-2024 21:45,31.39,121.9,25.24,6.24,1.33,18.38,110,19.10078,72.87462
08-04-2024 22:00,31.6,122.7,24.44,6.13,1.35,18.4,110.22,19.10078,72.87462
08-04-2024 22:15,31.8,123.58,23.69,6.03,1.37,18.43,110.54,19.10078,72.87462
08-04-2024 22:30,31.99,124.52,23.02,5.94,1.39,18.45,111.09,19.10078,72.87462
08-04-2024 22:45,32.18,125.46,22.43,5.87,1.41,18.47,111.92,19.10078,72.87462
08-04-2024 23:00,32.34,126.37,21.92,5.8,1.43,18.49,112.6,19.10078,72.87462
08-04-2024 23:15,32.49,127.2,21.49,5.75,1.44,18.51,113.29,19.10078,72.87462
08-04-2024 23:30,32.61,127.9,21.14,5.7,1.46,18.53,114.41,19.10078,72.87462
08-04-2024 23:45,32.7,128.43,20.85,5.67,1.47,18.55,115.82,19.10078,72.87462
09-04-2024 00:00,32.76,128.77,20.61,5.64,1.48,18.57,117.17,19.10078,72.87462
09-04-2024 00:15,32.77,128.88,20.41,5.63,1.49,18.6,118.35,19.10078,72.87462
09-04-2024 00:30,32.75,128.76,20.24,5.63,1.49,18.63,119.05,19.10078,72.87462
09-04-2024 00:45,32.68,128.39,20.07,5.65,1.5,18.66,119.73,19.10078,72.87462
09-04-2024 01:00,32.58,127.78,19.91,5.67,1.5,18.69,120.18,19.10078,72.87462
09-04-2024 01:15,32.43,126.94,19.73,5.72,1.5,18.72,120.41,19.10078,72.87462
09-04-2024 01:30,32.25,125.91,19.54,5.77,1.49,18.75,120.57,19.10078,72.87462
09-04-2024 01:45,32.04,124.7,19.32,5.84,1.49,18.77,120.54,19.10078,72.87462
09-04-2024 02:00,31.8,123.37,19.07,5.92,1.48,18.8,120.67,19.10078,72.87462
09-04-2024 02:15,31.55,121.96,18.8,6.01,1.47,18.82,120.49,19.10078,72.87462
09-04-2024 02:30,31.28,120.5,18.51,6.09,1.46,18.83,120.23,19.10078,72.87462
09-04-2024 02:45,31.01,119.04,18.2,6.18,1.45,18.84,119.72,19.10078,72.87462
09-04-2024 03:00,30.73,117.63,17.89,6.27,1.44,18.84,119.29,19.10078,72.87462
09-04-2024 03:15,30.47,116.32,17.58,6.34,1.42,18.84,118.59,19.10078,72.87462
09-04-2024 03:30,30.22,115.12,17.27,6.4,1.41,18.83,117.85,19.10078,72.87462
09-04-2024 03:45,30,114.08,16.99,6.45,1.4,18.82,117.07,19.10078,72.87462
09-04-2024 04:00,29.8,113.21,16.72,6.47,1.38,18.81,115.98,19.10078,72.87462
09-04-2024 04:15,29.64,112.53,16.48,6.47,1.37,18.8,114.7,19.10078,72.87462
09-04-2024 04:30,29.52,112.05,16.27,6.45,1.36,18.78,113.51,19.10078,72.87462
09-04-2024 04:45,29.43,111.76,16.09,6.41,1.35,18.77,112.56,19.10078,72.87462
09-04-2024 05:00,29.38,111.66,15.93,6.35,1.34,18.76,111.51,19.10078,72.87462
09-04-2024 05:15,29.37,111.73,15.8,6.27,1.33,18.75,110.5,19.10078,72.87462
09-04-2024 05:30,29.4,111.97,15.69,6.18,1.33,18.75,109.88,19.10078,72.87462
09-04-2024 05:45,29.46,112.35,15.59,6.09,1.32,18.75,109.31,19.10078,72.87462
09-04-2024 06:00,29.56,112.85,15.5,6,1.32,18.75,108.88,19.10078,72.87462
09-04-2024 06:15,29.68,113.46,15.41,5.92,1.32,18.76,108.61,19.10078,72.87462
09-04-2024 06:30,29.83,114.14,15.32,5.86,1.32,18.77,108.57,19.10078,72.87462
09-04-2024 06:45,30,114.89,15.24,5.83,1.32,18.79,108.68,19.10078,72.87462
09-04-2024 07:00,30.18,115.68,15.16,5.84,1.32,18.8,108.79,19.10078,72.87462
09-04-2024 07:15,30.37,116.5,15.09,5.89,1.32,18.82,109.21,19.10078,72.87462
09-04-2024 07:30,30.56,117.34,15.03,6,1.32,18.83,109.7,19.10078,72.87462
09-04-2024 07:45,30.75,118.18,15,6.15,1.32,18.84,110.25,19.10078,72.87462
09-04-2024 08:00,30.92,119.01,15.01,6.37,1.31,18.85,110.84,19.10078,72.87462
09-04-2024 08:15,31.09,119.83,15.07,6.64,1.31,18.85,111.53,19.10078,72.87462
09-04-2024 08:30,31.24,120.63,15.19,6.97,1.31,18.85,112.21,19.10078,72.87462
09-04-2024 08:45,31.36,121.4,15.4,7.35,1.3,18.84,112.94,19.10078,72.87462
09-04-2024 09:00,31.46,122.12,15.7,7.77,1.3,18.83,113.49,19.10078,72.87462
09-04-2024 09:15,31.54,122.8,16.1,8.24,1.29,18.81,113.88,19.10078,72.87462
09-04-2024 09:30,31.58,123.42,16.61,8.74,1.28,18.79,114.47,19.10078,72.87462
09-04-2024 09:45,31.58,123.96,17.23,9.26,1.27,18.76,115,19.10078,72.87462
09-04-2024 10:00,31.56,124.43,17.97,9.79,1.26,18.74,115.46,19.10078,72.87462
09-04-2024 10:15,31.5,124.81,18.81,10.32,1.25,18.71,116.03,19.10078,72.87462
09-04-2024 10:30,31.41,125.08,19.74,10.85,1.23,18.69,116.38,19.10078,72.87462
09-04-2024 10:45,31.29,125.26,20.75,11.35,1.22,18.68,116.91,19.10078,72.87462
09-04-2024 11:00,31.13,125.32,21.81,11.83,1.21,18.67,117.34,19.10078,72.87462
09-04-2024 11:15,30.95,125.27,22.92,12.27,1.2,18.67,117.65,19.10078,72.87462
09-04-2024 11:30,30.75,125.11,24.03,12.67,1.18,18.67,117.83,19.10078,72.87462
09-04-2024 11:45,30.53,124.85,25.12,13.02,1.17,18.69,118.11,19.10078,72.87462
09-04-2024 12:00,30.29,124.49,26.18,13.32,1.16,18.71,118.41,19.10078,72.87462
09-04-2024 12:15,30.05,124.07,27.16,13.57,1.15,18.74,118.59,19.10078,72.87462
09-04-2024 12:30,29.8,123.59,28.07,13.77,1.14,18.78,118.76,19.10078,72.87462
09-04-2024 12:45,29.56,123.09,28.86,13.92,1.13,18.82,118.76,19.10078,72.87462
09-04-2024 13:00,29.32,122.58,29.55,14.02,1.12,18.86,118.77,19.10078,72.87462
09-04-2024 13:15,29.09,122.09,30.11,14.07,1.11,18.9,118.69,19.10078,72.87462
09-04-2024 13:30,28.89,121.66,30.56,14.08,1.1,18.94,118.56,19.10078,72.87462
09-04-2024 13:45,28.71,121.31,30.88,14.05,1.09,18.98,118.22,19.10078,72.87462
09-04-2024 14:00,28.55,121.05,31.1,13.98,1.08,19.01,117.88,19.10078,72.87462
09-04-2024 14:15,28.43,120.92,31.22,13.88,1.07,19.02,117.43,19.10078,72.87462
09-04-2024 14:30,28.34,120.92,31.27,13.75,1.06,19.03,116.99,19.10078,72.87462
09-04-2024 14:45,28.28,121.05,31.26,13.6,1.05,19.02,116.61,19.10078,72.87462
09-04-2024 15:00,28.26,121.32,31.22,13.42,1.04,19,116.27,19.10078,72.87462
09-04-2024 15:15,28.27,121.72,31.17,13.21,1.04,18.97,115.98,19.10078,72.87462
09-04-2024 15:30,28.32,122.23,31.12,12.98,1.03,18.93,115.62,19.10078,72.87462
09-04-2024 15:45,28.4,122.82,31.09,12.73,1.02,18.87,115.43,19.10078,72.87462
09-04-2024 16:00,28.5,123.48,31.1,12.46,1.02,18.8,115.48,19.10078,72.87462
09-04-2024 16:15,28.62,124.17,31.15,12.16,1.01,18.73,115.5,19.10078,72.87462
09-04-2024 16:30,28.77,124.85,31.24,11.85,1.01,18.65,115.79,19.10078,72.87462
09-04-2024 16:45,28.92,125.5,31.38,11.52,1.01,18.57,115.87,19.10078,72.87462
09-04-2024 17:00,29.09,126.08,31.55,11.17,1.01,18.49,116.01,19.10078,72.87462
09-04-2024 17:15,29.26,126.56,31.74,10.81,1.01,18.41,116.38,19.10078,72.87462
09-04-2024 17:30,29.43,126.91,31.93,10.43,1.02,18.33,116.74,19.10078,72.87462
09-04-2024 17:45,29.6,127.13,32.11,10.04,1.03,18.27,117.07,19.10078,72.87462
09-04-2024 18:00,29.76,127.21,32.26,9.65,1.04,18.21,117.3,19.10078,72.87462
09-04-2024 18:15,29.92,127.13,32.35,9.26,1.05,18.17,117.51,19.10078,72.87462
09-04-2024 18:30,30.07,126.93,32.37,8.87,1.06,18.14,117.63,19.10078,72.87462
09-04-2024 18:45,30.21,126.6,32.3,8.48,1.08,18.11,117.75,19.10078,72.87462
09-04-2024 19:00,30.34,126.18,32.12,8.11,1.09,18.1,117.66,19.10078,72.87462
09-04-2024 19:15,30.46,125.69,31.83,7.75,1.11,18.1,117.51,19.10078,72.87462
09-04-2024 19:30,30.59,125.18,31.43,7.41,1.13,18.11,117.28,19.10078,72.87462
09-04-2024 19:45,30.71,124.68,30.91,7.1,1.15,18.12,116.86,19.10078,72.87462
09-04-2024 20:00,30.83,124.22,30.28,6.8,1.17,18.14,116.37,19.10078,72.87462
09-04-2024 20:15,30.95,123.84,29.56,6.54,1.2,18.16,115.74,19.10078,72.87462
09-04-2024 20:30,31.08,123.58,28.76,6.3,1.22,18.18,115,19.10078,72.87462
09-04-2024 20:45,31.22,123.45,27.9,6.08,1.24,18.21,114.34,19.10078,72.87462
09-04-2024 21:00,31.36,123.47,27,5.89,1.27,18.23,113.62,19.10078,72.87462
09-04-2024 21:15,31.51,123.65,26.08,5.73,1.29,18.25,112.91,19.10078,72.87462
09-04-2024 21:30,31.67,123.99,25.18,5.58,1.31,18.27,112.41,19.10078,72.87462
09-04-2024 21:45,31.83,124.47,24.3,5.46,1.34,18.29,112.09,19.10078,72.87462
09-04-2024 22:00,32,125.07,23.46,5.35,1.36,18.3,112.35,19.10078,72.87462
09-04-2024 22:15,32.16,125.76,22.69,5.26,1.38,18.31,112.86,19.10078,72.87462
09-04-2024 22:30,32.32,126.5,22,5.18,1.4,18.32,113.28,19.10078,72.87462
09-04-2024 22:45,32.47,127.25,21.38,5.12,1.41,18.33,113.82,19.10078,72.87462
09-04-2024 23:00,32.6,127.97,20.85,5.06,1.43,18.34,114.59,19.10078,72.87462
09-04-2024 23:15,32.71,128.6,20.39,5.01,1.45,18.35,115.4,19.10078,72.87462
09-04-2024 23:30,32.79,129.11,20.02,4.98,1.46,18.35,116.47,19.10078,72.87462
09-04-2024 23:45,32.85,129.46,19.7,4.95,1.47,18.37,117.55,19.10078,72.87462
10-04-2024 00:00,32.86,129.61,19.44,4.93,1.48,18.38,118.28,19.10078,72.87462
10-04-2024 00:15,32.85,129.54,19.22,4.93,1.49,18.4,119.28,19.10078,72.87462
10-04-2024 00:30,32.79,129.23,19.03,4.94,1.5,18.41,119.78,19.10078,72.87462
10-04-2024 00:45,32.69,128.68,18.84,4.96,1.5,18.43,119.82,19.10078,72.87462
10-04-2024 01:00,32.55,127.89,18.66,5,1.5,18.45,119.59,19.10078,72.87462
10-04-2024 01:15,32.37,126.88,18.47,5.05,1.5,18.47,119.63,19.10078,72.87462
10-04-2024 01:30,32.16,125.67,18.25,5.12,1.49,18.49,119.68,19.10078,72.87462
10-04-2024 01:45,31.91,124.29,18.02,5.2,1.49,18.51,119.77,19.10078,72.87462
10-04-2024 02:00,31.64,122.79,17.76,5.29,1.48,18.52,119.76,19.10078,72.87462
10-04-2024 02:15,31.36,121.21,17.47,5.38,1.47,18.53,119.46,19.10078,72.87462
10-04-2024 02:30,31.06,119.58,17.17,5.48,1.46,18.54,119.03,19.10078,72.87462
10-04-2024 02:45,30.75,117.97,16.85,5.58,1.45,18.54,118.37,19.10078,72.87462
10-04-2024 03:00,30.45,116.4,16.52,5.68,1.44,18.54,117.79,19.10078,72.87462
10-04-2024 03:15,30.16,114.93,16.2,5.76,1.42,18.53,117.05,19.10078,72.87462
10-04-2024 03:30,29.88,113.58,15.88,5.84,1.41,18.51,116.29,19.10078,72.87462
10-04-2024 03:45,29.63,112.39,15.58,5.89,1.4,18.5,115.5,19.10078,72.87462
10-04-2024 04:00,29.41,111.38,15.31,5.93,1.38,18.48,114.62,19.10078,72.87462
10-04-2024 04:15,29.22,110.56,15.06,5.94,1.37,18.46,113.52,19.10078,72.87462
10-04-2024 04:30,29.07,109.93,14.84,5.93,1.36,18.44,112.22,19.10078,72.87462
10-04-2024 04:45,28.95,109.51,14.65,5.9,1.35,18.42,111.17,19.10078,72.87462
10-04-2024 05:00,28.88,109.27,14.49,5.85,1.34,18.41,110.01,19.10078,72.87462
10-04-2024 05:15,28.84,109.22,14.36,5.78,1.33,18.39,108.95,19.10078,72.87462
10-04-2024 05:30,28.85,109.33,14.24,5.7,1.33,18.39,108.23,19.10078,72.87462
10-04-2024 05:45,28.89,109.59,14.13,5.62,1.32,18.38,107.56,19.10078,72.87462
10-04-2024 06:00,28.96,109.97,14.04,5.54,1.32,18.39,107.02,19.10078,72.87462
10-04-2024 06:15,29.07,110.46,13.95,5.48,1.31,18.39,106.62,19.10078,72.87462
10-04-2024 06:30,29.2,111.03,13.86,5.43,1.31,18.4,106.56,19.10078,72.87462
10-04-2024 06:45,29.34,111.67,13.78,5.42,1.31,18.41,106.68,19.10078,72.87462
10-04-2024 07:00,29.51,112.36,13.7,5.44,1.31,18.43,106.74,19.10078,72.87462
10-04-2024 07:15,29.68,113.08,13.63,5.5,1.31,18.44,106.96,19.10078,72.87462
10-04-2024 07:30,29.85,113.82,13.57,5.62,1.31,18.45,107.23,19.10078,72.87462
10-04-2024 07:45,30.02,114.57,13.54,5.79,1.31,18.47,107.7,19.10078,72.87462
10-04-2024 08:00,30.18,115.32,13.55,6.01,1.31,18.47,108.19,19.10078,72.87462
10-04-2024 08:15,30.33,116.06,13.62,6.3,1.3,18.48,108.66,19.10078,72.87462
10-04-2024 08:30,30.47,116.78,13.75,6.64,1.3,18.48,109.22,19.10078,72.87462
10-04-2024 08:45,30.58,117.47,13.96,7.03,1.3,18.47,109.83,19.10078,72.87462
10-04-2024 09:00,30.67,118.12,14.27,7.47,1.29,18.46,110.31,19.10078,72.87462
10-04-2024 09:15,30.73,118.73,14.68,7.95,1.28,18.44,110.88,19.10078,72.87462
10-04-2024 09:30,30.76,119.28,15.19,8.46,1.27,18.42,111.45,19.10078,72.87462
10-04-2024 09:45,30.75,119.77,15.83,8.99,1.26,18.4,112.3,19.10078,72.87462
10-04-2024 10:00,30.72,120.18,16.57,9.53,1.25,18.38,112.81,19.10078,72.87462
10-04-2024 10:15,30.65,120.51,17.42,10.08,1.24,18.37,113.14,19.10078,72.87462
10-04-2024 10:30,30.55,120.74,18.36,10.61,1.23,18.35,113.4,19.10078,72.87462
10-04-2024 10:45,30.42,120.86,19.38,11.13,1.21,18.34,113.71,19.10078,72.87462
10-04-2024 11:00,30.26,120.89,20.46,11.62,1.2,18.34,114.13,19.10078,72.87462
10-04-2024 11:15,30.08,120.8,21.57,12.07,1.19,18.34,114.44,19.10078,72.87462
10-04-2024 11:30,29.87,120.61,22.69,12.48,1.18,18.36,114.58,19.10078,72.87462
10-04-2024 11:45,29.64,120.32,23.8,12.84,1.16,18.38,114.6,19.10078,72.87462
10-04-2024 12:00,29.4,119.95,24.87,13.16,1.15,18.41,114.76,19.10078,72.87462
10-04-2024 12:15,29.16,119.5,25.87,13.42,1.14,18.45,114.95,19.10078,72.87462
10-04-2024 12:30,28.91,119.01,26.79,13.63,1.13,18.5,115.12,19.10078,72.87462
10-04-2024 12:45,28.66,118.49,27.6,13.79,1.12,18.55,115.22,19.10078,72.87462
10-04-2024 13:00,28.42,117.98,28.3,13.9,1.11,18.6,115.24,19.10078,72.87462
10-04-2024 13:15,28.2,117.49,28.88,13.96,1.1,18.66,115.23,19.10078,72.87462
10-04-2024 13:30,27.99,117.06,29.34,13.98,1.09,18.71,115.14,19.10078,72.87462
10-04-2024 13:45,27.81,116.71,29.68,13.96,1.08,18.76,115,19.10078,72.87462
10-04-2024 14:00,27.66,116.46,29.92,13.9,1.07,18.8,114.67,19.10078,72.87462
10-04-2024 14:15,27.54,116.34,30.06,13.82,1.06,18.83,114.3,19.10078,72.87462
10-04-2024 14:30,27.45,116.35,30.13,13.7,1.05,18.85,113.99,19.10078,72.87462
10-04-2024 14:45,27.4,116.51,30.14,13.55,1.04,18.86,113.61,19.10078,72.87462
10-04-2024 15:00,27.38,116.8,30.12,13.38,1.04,18.85,113.24,19.10078,72.87462
10-04-2024 15:15,27.4,117.22,30.08,13.18,1.03,18.83,112.78,19.10078,72.87462
10-04-2024 15:30,27.45,117.76,30.06,12.96,1.02,18.8,112.44,19.10078,72.87462
10-04-2024 15:45,27.54,118.39,30.05,12.72,1.01,18.76,112.38,19.10078,72.87462
10-04-2024 16:00,27.65,119.09,30.08,12.46,1.01,18.71,112.5,19.10078,72.87462
10-04-2024 16:15,27.78,119.81,30.15,12.17,1.01,18.66,112.66,19.10078,72.87462
10-04-2024 16:30,27.93,120.54,30.26,11.87,1,18.59,112.59,19.10078,72.87462
10-04-2024 16:45,28.1,121.23,30.42,11.55,1,18.53,112.77,19.10078,72.87462
10-04-2024 17:00,28.28,121.86,30.61,11.21,1,18.47,113.07,19.10078,72.87462
10-04-2024 17:15,28.46,122.39,30.82,10.85,1.01,18.41,113.47,19.10078,72.87462
10-04-2024 17:30,28.64,122.8,31.04,10.48,1.01,18.35,113.71,19.10078,72.87462
10-04-2024 17:45,28.82,123.08,31.24,10.1,1.02,18.31,113.99,19.10078,72.87462
10-04-2024 18:00,29,123.21,31.41,9.72,1.03,18.27,114.28,19.10078,72.87462
10-04-2024 18:15,29.17,123.21,31.52,9.33,1.04,18.25,114.51,19.10078,72.87462
10-04-2024 18:30,29.33,123.07,31.56,8.95,1.05,18.23,114.78,19.10078,72.87462
10-04-2024 18:45,29.48,122.81,31.51,8.57,1.07,18.23,114.89,19.10078,72.87462
10-04-2024 19:00,29.63,122.46,31.36,8.2,1.08,18.24,114.85,19.10078,72.87462
10-04-2024 19:15,29.77,122.05,31.09,7.85,1.1,18.26,114.8,19.10078,72.87462
10-04-2024 19:30,29.91,121.61,30.71,7.52,1.12,18.28,114.61,19.10078,72.87462
10-04-2024 19:45,30.04,121.19,30.22,7.21,1.14,18.32,114.24,19.10078,72.87462
10-04-2024 20:00,30.18,120.81,29.61,6.92,1.17,18.36,113.82,19.10078,72.87462
10-04-2024 20:15,30.32,120.52,28.91,6.66,1.19,18.4,113.17,19.10078,72.87462
10-04-2024 20:30,30.46,120.34,28.13,6.43,1.21,18.45,112.35,19.10078,72.87462
10-04-2024 20:45,30.62,120.29,27.3,6.22,1.24,18.49,111.68,19.10078,72.87462
10-04-2024 21:00,30.78,120.41,26.42,6.04,1.26,18.54,111.15,19.10078,72.87462
10-04-2024 21:15,30.95,120.68,25.53,5.87,1.28,18.58,110.71,19.10078,72.87462
10-04-2024 21:30,31.12,121.11,24.64,5.74,1.31,18.63,110.48,19.10078,72.87462
10-04-2024 21:45,31.3,121.68,23.78,5.62,1.33,18.66,110.59,19.10078,72.87462
10-04-2024 22:00,31.49,122.37,22.97,5.51,1.35,18.7,111.14,19.10078,72.87462
10-04-2024 22:15,31.67,123.16,22.22,5.43,1.37,18.73,111.53,19.10078,72.87462
10-04-2024 22:30,31.85,124,21.55,5.35,1.39,18.77,112.08,19.10078,72.87462
10-04-2024 22:45,32.01,124.85,20.95,5.29,1.41,18.8,112.85,19.10078,72.87462
10-04-2024 23:00,32.16,125.66,20.44,5.23,1.43,18.83,113.46,19.10078,72.87462
10-04-2024 23:15,32.3,126.4,20.01,5.19,1.44,18.86,114.13,19.10078,72.87462
10-04-2024 23:30,32.4,127.01,19.65,5.15,1.46,18.89,115.33,19.10078,72.87462
10-04-2024 23:45,32.47,127.46,19.36,5.13,1.47,18.93,116.65,19.10078,72.87462
11-04-2024 00:00,32.51,127.71,19.12,5.12,1.48,18.96,117.78,19.10078,72.87462
11-04-2024 00:15,32.51,127.74,18.92,5.12,1.49,19,118.64,19.10078,72.87462
11-04-2024 00:30,32.48,127.54,18.75,5.13,1.49,19.04,119.1,19.10078,72.87462
11-04-2024 00:45,32.4,127.09,18.58,5.15,1.49,19.08,119.63,19.10078,72.87462
11-04-2024 01:00,32.28,126.41,18.42,5.19,1.5,19.13,119.93,19.10078,72.87462
11-04-2024 01:15,32.12,125.5,18.24,5.24,1.5,19.17,120,19.10078,72.87462
11-04-2024 01:30,31.93,124.4,18.05,5.31,1.49,19.21,119.81,19.10078,72.87462
11-04-2024 01:45,31.7,123.13,17.83,5.39,1.49,19.25,119.7,19.10078,72.87462
11-04-2024 02:00,31.46,121.74,17.59,5.48,1.48,19.29,119.68,19.10078,72.87462
11-04-2024 02:15,31.19,120.26,17.32,5.58,1.47,19.32,119.58,19.10078,72.87462
11-04-2024 02:30,30.91,118.74,17.03,5.68,1.46,19.35,119.12,19.10078,72.87462
11-04-2024 02:45,30.63,117.23,16.73,5.78,1.45,19.37,118.56,19.10078,72.87462
11-04-2024 03:00,30.34,115.77,16.42,5.87,1.44,19.39,117.98,19.10078,72.87462
11-04-2024 03:15,30.07,114.4,16.11,5.96,1.42,19.4,117.26,19.10078,72.87462
11-04-2024 03:30,29.82,113.16,15.81,6.03,1.41,19.41,116.58,19.10078,72.87462
11-04-2024 03:45,29.58,112.07,15.53,6.08,1.4,19.41,115.65,19.10078,72.87462
11-04-2024 04:00,29.38,111.16,15.27,6.12,1.38,19.41,114.46,19.10078,72.87462
11-04-2024 04:15,29.21,110.44,15.03,6.13,1.37,19.41,113.19,19.10078,72.87462
11-04-2024 04:30,29.08,109.91,14.83,6.12,1.36,19.41,111.97,19.10078,72.87462
11-04-2024 04:45,28.98,109.59,14.65,6.08,1.35,19.41,111.01,19.10078,72.87462
11-04-2024 05:00,28.93,109.45,14.5,6.03,1.34,19.42,109.94,19.10078,72.87462
11-04-2024 05:15,28.91,109.5,14.38,5.96,1.33,19.42,108.97,19.10078,72.87462
11-04-2024 05:30,28.94,109.71,14.27,5.88,1.33,19.43,108.34,19.10078,72.87462
11-04-2024 05:45,29,110.06,14.18,5.8,1.32,19.45,107.79,19.10078,72.87462
11-04-2024 06:00,29.09,110.54,14.09,5.72,1.32,19.47,107.43,19.10078,72.87462
11-04-2024 06:15,29.21,111.12,14.02,5.65,1.32,19.49,107.17,19.10078,72.87462
11-04-2024 06:30,29.36,111.78,13.94,5.6,1.32,19.52,107.13,19.10078,72.87462
11-04-2024 06:45,29.52,112.51,13.86,5.58,1.32,19.54,107.23,19.10078,72.87462
11-04-2024 07:00,29.7,113.29,13.79,5.6,1.32,19.57,107.32,19.10078,72.87462
11-04-2024 07:15,29.89,114.1,13.73,5.66,1.32,19.6,107.71,19.10078,72.87462
11-04-2024 07:30,30.07,114.92,13.68,5.77,1.32,19.63,108.16,19.10078,72.87462
11-04-2024 07:45,30.26,115.75,13.66,5.94,1.32,19.66,108.65,19.10078,72.87462
11-04-2024 08:00,30.44,116.58,13.68,6.16,1.32,19.68,109.22,19.10078,72.87462
11-04-2024 08:15,30.61,117.4,13.75,6.44,1.31,19.69,109.8,19.10078,72.87462
11-04-2024 08:30,30.75,118.2,13.88,6.78,1.31,19.71,110.5,19.10078,72.87462
11-04-2024 08:45,30.88,118.96,14.1,7.16,1.3,19.71,111.3,19.10078,72.87462
11-04-2024 09:00,30.98,119.69,14.41,7.6,1.3,19.71,112.19,19.10078,72.87462
11-04-2024 09:15,31.05,120.37,14.82,8.07,1.29,19.71,112.8,19.10078,72.87462
11-04-2024 09:30,31.1,120.99,15.34,8.58,1.28,19.7,113.26,19.10078,72.87462
11-04-2024 09:45,31.11,121.54,15.98,9.11,1.27,19.69,113.86,19.10078,72.87462
11-04-2024 10:00,31.08,122.02,16.72,9.65,1.26,19.68,114.46,19.10078,72.87462
11-04-2024 10:15,31.03,122.41,17.57,10.18,1.25,19.67,115.06,19.10078,72.87462
11-04-2024 10:30,30.94,122.7,18.52,10.72,1.24,19.66,115.39,19.10078,72.87462
11-04-2024 10:45,30.82,122.89,19.54,11.23,1.23,19.66,115.64,19.10078,72.87462
11-04-2024 11:00,30.67,122.96,20.61,11.71,1.21,19.67,115.91,19.10078,72.87462
11-04-2024 11:15,30.5,122.93,21.73,12.16,1.2,19.68,116.3,19.10078,72.87462
11-04-2024 11:30,30.3,122.79,22.85,12.56,1.19,19.7,116.58,19.10078,72.87462
11-04-2024 11:45,30.08,122.55,23.96,12.92,1.18,19.73,116.67,19.10078,72.87462
11-04-2024 12:00,29.85,122.22,25.02,13.23,1.17,19.76,116.73,19.10078,72.87462
11-04-2024 12:15,29.61,121.82,26.02,13.48,1.16,19.81,117,19.10078,72.87462
11-04-2024 12:30,29.37,121.37,26.94,13.69,1.15,19.85,117.12,19.10078,72.87462
11-04-2024 12:45,29.13,120.89,27.75,13.84,1.14,19.91,117.2,19.10078,72.87462
11-04-2024 13:00,28.9,120.41,28.44,13.94,1.13,19.96,117.22,19.10078,72.87462
11-04-2024 13:15,28.68,119.96,29.02,14,1.12,20.02,117.11,19.10078,72.87462
11-04-2024 13:30,28.48,119.56,29.47,14.02,1.11,20.07,116.74,19.10078,72.87462
11-04-2024 13:45,28.3,119.24,29.81,13.99,1.1,20.12,116.3,19.10078,72.87462
11-04-2024 14:00,28.16,119.02,30.04,13.93,1.09,20.16,115.84,19.10078,72.87462
11-04-2024 14:15,28.04,118.92,30.17,13.84,1.08,20.19,115.39,19.10078,72.87462
11-04-2024 14:30,27.96,118.96,30.24,13.71,1.07,20.21,114.88,19.10078,72.87462
11-04-2024 14:45,27.91,119.13,30.24,13.56,1.07,20.21,114.42,19.10078,72.87462
11-04-2024 15:00,27.9,119.44,30.21,13.38,1.06,20.21,113.87,19.10078,72.87462
11-04-2024 15:15,27.92,119.87,30.17,13.18,1.05,20.18,113.61,19.10078,72.87462
